Date,Open,High,Low,Close,Adj Close,Volume
1/2/2019,99.550003,101.75,98.940002,101.120003,97.78244,35329300
1/3/2019,100.099998,100.190002,97.199997,97.400002,94.185196,42579100
1/4/2019,99.720001,102.510002,98.93,101.93,98.565697,44060600
1/7/2019,101.639999,103.269997,100.980003,102.059998,98.691399,35656100
1/8/2019,103.040001,103.970001,101.709999,102.800003,99.406975,31514400
1/9/2019,103.860001,104.879997,103.239998,104.269997,100.828453,32280800
1/10/2019,103.220001,103.75,102.379997,103.599998,100.180565,30067600
1/11/2019,103.190002,103.440002,101.639999,102.800003,99.406975,28314200
1/14/2019,101.900002,102.870003,101.260002,102.050003,98.681732,28437100
1/15/2019,102.510002,105.050003,101.879997,105.010002,101.544037,31587600
1/16/2019,105.260002,106.260002,104.959999,105.379997,101.901825,29853900
1/17/2019,105,106.629997,104.760002,106.120003,102.617393,28393000
1/18/2019,107.459999,107.900002,105.910004,107.709999,104.154907,37427600
1/22/2019,106.75,107.099998,104.860001,105.68,102.19191,32371300
1/23/2019,106.120003,107.040001,105.339996,106.709999,103.18792,25874300
1/24/2019,106.860001,107,105.339996,106.199997,102.69474,23164800
1/25/2019,107.239998,107.879997,106.199997,107.169998,103.632736,31225600
1/28/2019,106.260002,106.480003,104.660004,105.080002,101.611725,29476700
1/29/2019,104.879997,104.970001,102.169998,102.940002,99.542358,31490500
1/30/2019,104.620003,106.379997,104.330002,106.379997,102.86882,49471900
1/31/2019,103.800003,105.220001,103.18,104.43,100.98317,55636400
2/1/2019,103.779999,104.099998,102.349998,102.779999,99.387627,35535700
2/4/2019,102.870003,105.800003,102.769997,105.739998,102.249939,31315100
2/5/2019,106.059998,107.269997,105.959999,107.220001,103.681084,27325400
2/6/2019,107,107,105.529999,106.029999,102.530357,20609800
2/7/2019,105.190002,105.589996,104.290001,105.269997,101.795441,29760700
2/8/2019,104.389999,105.779999,104.260002,105.669998,102.182266,21461100
2/11/2019,106.199997,106.580002,104.970001,105.25,101.776115,18914100
2/12/2019,106.139999,107.139999,105.480003,106.889999,103.361992,25056600
2/13/2019,107.5,107.779999,106.709999,106.809998,103.284615,18394900
2/14/2019,106.309998,107.290001,105.660004,106.900002,103.371666,21784700
2/15/2019,107.910004,108.300003,107.360001,108.220001,104.648071,26606900
2/19/2019,107.790001,108.660004,107.779999,108.169998,104.599731,18038500
2/20/2019,107.860001,107.940002,106.290001,107.150002,104.055908,21607700
2/21/2019,106.900002,109.480003,106.870003,109.410004,106.250641,29063200
2/22/2019,110.050003,111.199997,109.82,110.970001,107.765602,27763200
2/25/2019,111.760002,112.18,111.260002,111.589996,108.367683,23750600
2/26/2019,111.260002,113.239998,111.169998,112.360001,109.115456,21536700
2/27/2019,111.690002,112.360001,110.879997,112.169998,108.930954,21487100
2/28/2019,112.040001,112.879997,111.730003,112.029999,108.794991,29083900
3/1/2019,112.889999,113.019997,111.669998,112.529999,109.280556,23501200
3/4/2019,113.019997,113.25,110.800003,112.260002,109.018349,26608000
3/5/2019,112.25,112.389999,111.230003,111.699997,108.474518,19538300
3/6/2019,111.870003,112.660004,111.43,111.75,108.523079,17687000
3/7/2019,111.400002,111.550003,109.870003,110.389999,107.202339,25339000
3/8/2019,109.160004,110.709999,108.800003,110.510002,107.318871,22818400
3/11/2019,110.989998,112.949997,110.980003,112.830002,109.571892,26491600
3/12/2019,112.82,113.989998,112.650002,113.620003,110.339073,26132700
3/13/2019,114.129997,115,113.779999,114.5,111.193657,35513800
3/14/2019,114.540001,115.199997,114.330002,114.589996,111.281059,30763400
3/15/2019,115.339996,117.25,114.589996,115.910004,112.56295,54681100
3/18/2019,116.169998,117.610001,116.050003,117.57,114.175011,31207600
3/19/2019,118.089996,118.440002,116.989998,117.650002,114.252693,37588700
3/20/2019,117.389999,118.75,116.709999,117.519997,114.126457,28113300
3/21/2019,117.139999,120.82,117.089996,120.220001,116.748482,29854400
3/22/2019,119.5,119.589996,117.040001,117.050003,113.670029,33624500
3/25/2019,116.559998,118.010002,116.32,117.660004,114.262405,27067100
3/26/2019,118.620003,118.709999,116.849998,117.910004,114.505196,26097700
3/27/2019,117.879997,118.209999,115.519997,116.769997,113.398109,22733400
3/28/2019,117.440002,117.580002,116.129997,116.93,113.553482,18334800
3/29/2019,118.07,118.32,116.959999,117.940002,114.534332,25399800
4/1/2019,118.949997,119.110001,118.099998,119.019997,115.583145,22789100
4/2/2019,119.059998,119.480003,118.519997,119.190002,115.74823,18142300
4/3/2019,119.860001,120.43,119.150002,119.970001,116.505714,22860700
4/4/2019,120.099998,120.230003,118.379997,119.360001,115.91333,20112800
4/5/2019,119.389999,120.230003,119.370003,119.889999,116.428024,15826200
4/8/2019,119.809998,120.019997,118.639999,119.93,116.466873,15116200
4/9/2019,118.629997,119.540001,118.580002,119.279999,115.835632,17612000
4/10/2019,119.760002,120.349998,119.540001,120.190002,116.719353,16477200
4/11/2019,120.540001,120.849998,119.919998,120.330002,116.855324,14209100
4/12/2019,120.639999,120.980003,120.370003,120.949997,117.457397,19745100
4/15/2019,120.940002,121.580002,120.57,121.050003,117.554527,15792600
4/16/2019,121.639999,121.650002,120.099998,120.769997,117.282608,14071800
4/17/2019,121.239998,121.849998,120.540001,121.769997,118.253731,19300900
4/18/2019,122.190002,123.519997,121.300003,123.370003,119.807541,27991000
4/22/2019,122.620003,124,122.57,123.760002,120.186272,15648700
4/23/2019,124.099998,125.580002,123.830002,125.440002,121.817764,24025500
4/24/2019,125.790001,125.849998,124.519997,125.010002,121.400177,31257000
4/25/2019,130.059998,131.369995,128.830002,129.149994,125.420601,38033900
4/26/2019,129.699997,130.520004,129.020004,129.889999,126.139267,23654900
4/29/2019,129.899994,130.179993,129.350006,129.770004,126.022728,16324200
4/30/2019,129.809998,130.699997,129.389999,130.600006,126.828758,24166500
5/1/2019,130.529999,130.649994,127.699997,127.879997,124.187294,26821700
5/2/2019,127.980003,128,125.519997,126.209999,122.565514,27350200
5/3/2019,127.360001,129.429993,127.25,128.899994,125.177849,24911100
5/6/2019,126.389999,128.559998,126.110001,128.149994,124.449501,24239800
5/7/2019,126.459999,127.18,124.220001,125.519997,121.895439,36017700
5/8/2019,125.440002,126.370003,124.75,125.510002,121.885727,28419000
5/9/2019,124.290001,125.790001,123.57,125.5,121.87603,27235800
5/10/2019,124.910004,127.93,123.82,127.129997,123.458969,30915100
5/13/2019,124.110001,125.550003,123.040001,123.349998,119.788116,33944900
5/14/2019,123.870003,125.879997,123.699997,124.730003,121.12825,25266300
5/15/2019,124.260002,126.709999,123.699997,126.019997,122.834015,24722700
5/16/2019,126.75,129.380005,126.459999,128.929993,125.670441,30112200
5/17/2019,128.309998,130.460007,127.919998,128.070007,124.832191,25770500
5/20/2019,126.519997,127.589996,125.760002,126.220001,123.028946,23706900
5/21/2019,127.43,127.529999,126.580002,126.900002,123.691772,15293300
5/22/2019,126.620003,128.240005,126.519997,127.669998,124.442291,15396500
5/23/2019,126.199997,126.290001,124.739998,126.18,122.989975,23603800
5/24/2019,126.910004,127.419998,125.970001,126.239998,123.048454,14123400
5/28/2019,126.980003,128,126.050003,126.160004,122.970482,23128400
5/29/2019,125.379997,125.389999,124.040001,124.940002,121.781326,22763100
5/30/2019,125.260002,125.760002,124.779999,125.730003,122.551361,16829600
5/31/2019,124.230003,124.620003,123.32,123.68,120.553177,26646800
6/3/2019,123.849998,124.370003,119.010002,119.839996,116.810265,37983600
6/4/2019,121.279999,123.279999,120.650002,123.160004,120.046326,29382600
6/5/2019,124.949997,125.870003,124.209999,125.830002,122.648827,24926100
6/6/2019,126.440002,127.970001,125.599998,127.82,124.588509,21459000
6/7/2019,129.190002,132.25,128.259995,131.399994,128.078018,33885600
6/10/2019,132.399994,134.080002,132,132.600006,129.247665,26477100
6/11/2019,133.880005,134.240005,131.279999,132.100006,128.760315,23913700
6/12/2019,131.399994,131.970001,130.710007,131.490005,128.165741,17092500
6/13/2019,131.979996,133,131.559998,132.320007,128.974762,17200800
6/14/2019,132.259995,133.789993,131.639999,132.449997,129.101456,17821700
6/17/2019,132.630005,133.729996,132.529999,132.850006,129.491348,14517800
6/18/2019,134.190002,135.240005,133.570007,135.160004,131.74295,25934500
6/19/2019,135,135.929993,133.809998,135.690002,132.259552,23744400
6/20/2019,137.449997,137.660004,135.720001,136.949997,133.487686,33042600
6/21/2019,136.580002,137.729996,136.460007,136.970001,133.507156,36727900
6/24/2019,137,138.399994,137,137.779999,134.296707,20628800
6/25/2019,137.25,137.589996,132.729996,133.429993,130.056641,33327400
6/26/2019,134.350006,135.740005,133.600006,133.929993,130.544037,23657700
6/27/2019,134.139999,134.710007,133.509995,134.149994,130.758484,16557500
6/28/2019,134.570007,134.600006,133.160004,133.960007,130.573273,30043000
7/1/2019,136.630005,136.699997,134.970001,135.679993,132.249802,22613500
7/2/2019,136.119995,136.589996,135.339996,136.580002,133.12706,15237800
7/3/2019,136.800003,137.740005,136.289993,137.460007,133.984787,13629300
7/5/2019,135.940002,137.330002,135.720001,137.059998,133.594894,18141100
7/8/2019,136.399994,137.100006,135.369995,136.960007,133.497452,16779700
7/9/2019,136,136.970001,135.800003,136.460007,133.010086,19953100
7/10/2019,137.130005,138.580002,137.020004,137.850006,134.364944,24204400
7/11/2019,138.199997,139.220001,137.869995,138.399994,134.901031,22327900
7/12/2019,138.850006,139.130005,138.009995,138.899994,135.388382,18936800
7/15/2019,139.440002,139.539993,138.460007,138.899994,135.388382,16651500
7/16/2019,138.960007,139.050003,136.520004,137.080002,133.614395,22726100
7/17/2019,137.699997,137.929993,136.220001,136.270004,132.82489,20211000
7/18/2019,135.550003,136.619995,134.669998,136.419998,132.971069,30381800
7/19/2019,140.220001,140.669998,136.449997,136.619995,133.166046,48992400
7/22/2019,137.410004,139.190002,137.330002,138.429993,134.930252,25074900
7/23/2019,139.759995,139.990005,138.029999,139.289993,135.768494,18034600
7/24/2019,138.899994,140.740005,138.850006,140.720001,137.162384,20738300
7/25/2019,140.429993,140.610001,139.320007,140.190002,136.645782,18356900
7/26/2019,140.369995,141.679993,140.300003,141.339996,137.766708,19037600
7/29/2019,141.5,141.509995,139.369995,141.029999,137.464539,16605900
7/30/2019,140.139999,141.220001,139.800003,140.350006,136.801727,16846500
7/31/2019,140.330002,140.490005,135.080002,136.270004,132.82489,38598800
8/1/2019,137,140.940002,136.929993,138.059998,134.569641,40557500
8/2/2019,138.089996,138.320007,135.259995,136.899994,133.438965,30791600
8/5/2019,133.300003,133.929993,130.779999,132.210007,128.867508,42749600
8/6/2019,133.800003,135.679993,133.210007,134.690002,131.284821,32696700
8/7/2019,133.789993,135.649994,131.830002,135.279999,131.859909,33414500
8/8/2019,136.600006,138.990005,135.929993,138.889999,135.378662,27496500
8/9/2019,138.610001,139.380005,136.460007,137.710007,134.228485,23466700
8/12/2019,137.070007,137.860001,135.240005,135.789993,132.357025,20484300
8/13/2019,136.050003,138.800003,135,138.600006,135.095978,25154600
8/14/2019,136.360001,136.919998,133.669998,133.979996,131.027634,32527300
8/15/2019,134.389999,134.580002,132.25,133.679993,130.734253,28074400
8/16/2019,134.880005,136.460007,134.720001,136.130005,133.130249,24449100
8/19/2019,137.850006,138.550003,136.889999,138.410004,135.360031,24355700
8/20/2019,138.210007,138.710007,137.240005,137.259995,134.235367,21170800
8/21/2019,138.550003,139.490005,138,138.789993,135.731644,14970300
8/22/2019,138.660004,139.199997,136.289993,137.779999,134.743912,18697000
8/23/2019,137.190002,138.350006,132.800003,133.389999,130.450653,38508600
8/26/2019,134.990005,135.559998,133.899994,135.449997,132.465256,20312600
8/27/2019,136.389999,136.720001,134.660004,135.740005,132.748871,23102100
8/28/2019,134.880005,135.759995,133.550003,135.559998,132.572845,17393300
8/29/2019,137.25,138.440002,136.910004,138.119995,135.076416,20168700
8/30/2019,139.149994,139.179993,136.270004,137.860001,134.822159,23940100
9/3/2019,136.610001,137.199997,135.699997,136.039993,133.042236,18869300
9/4/2019,137.300003,137.690002,136.479996,137.630005,134.597229,17995900
9/5/2019,139.110001,140.380005,138.759995,140.050003,136.963882,26101800
9/6/2019,140.029999,140.179993,138.199997,139.100006,136.034866,20824500
9/9/2019,139.589996,139.75,136.460007,137.520004,134.489639,25773900
9/10/2019,136.800003,136.889999,134.509995,136.080002,133.08136,28903400
9/11/2019,135.910004,136.270004,135.089996,136.119995,133.120499,24726100
9/12/2019,137.850006,138.419998,136.869995,137.520004,134.489639,27010000
9/13/2019,137.779999,138.059998,136.570007,137.320007,134.294022,23363100
9/16/2019,135.830002,136.699997,135.660004,136.330002,133.325851,16731400
9/17/2019,136.960007,137.520004,136.429993,137.389999,134.362488,17814200
9/18/2019,137.360001,138.669998,136.529999,138.520004,135.467606,23982100
9/19/2019,140.300003,142.369995,140.070007,141.070007,137.961426,35772100
9/20/2019,141.009995,141.649994,138.25,139.440002,136.367325,39167300
9/23/2019,139.229996,139.630005,138.440002,139.139999,136.073959,17139300
9/24/2019,140.360001,140.690002,136.880005,137.380005,134.352707,29773200
9/25/2019,137.5,139.960007,136.029999,139.360001,136.289093,21382000
9/26/2019,139.440002,140.179993,138.440002,139.539993,136.465103,17456600
9/27/2019,140.149994,140.360001,136.649994,137.729996,134.695023,22477700
9/30/2019,138.050003,139.220001,137.779999,139.029999,135.966354,17280900
10/1/2019,139.660004,140.25,137,137.070007,134.049545,21466600
10/2/2019,136.25,136.369995,133.580002,134.649994,131.682877,30521700
10/3/2019,134.949997,136.75,133.220001,136.279999,133.276962,24132900
10/4/2019,136.75,138.25,136.419998,138.119995,135.076416,22897700
10/7/2019,137.139999,138.179993,137.020004,137.119995,134.098434,15303700
10/8/2019,137.080002,137.759995,135.619995,135.669998,132.680405,25550500
10/9/2019,137.460007,138.699997,136.970001,138.240005,135.193771,19749900
10/10/2019,138.490005,139.669998,138.25,139.100006,136.034866,17654600
10/11/2019,140.119995,141.029999,139.5,139.679993,136.602051,25446000
10/14/2019,139.690002,140.289993,139.520004,139.550003,136.474899,13304300
10/15/2019,140.059998,141.789993,139.809998,141.570007,138.450394,19695700
10/16/2019,140.789993,140.990005,139.529999,140.410004,137.315948,20751600
10/17/2019,140.949997,141.419998,139.020004,139.690002,136.611847,21460600
10/18/2019,139.759995,140,136.559998,137.410004,134.38208,32273500
10/21/2019,138.449997,138.5,137.009995,138.429993,135.379562,20078200
10/22/2019,138.970001,140.009995,136.259995,136.369995,133.364975,27431000
10/23/2019,136.880005,137.449997,135.610001,137.240005,134.215805,29844600
10/24/2019,139.389999,140.419998,138.669998,139.940002,136.856308,37029300
10/25/2019,139.339996,141.139999,139.199997,140.729996,137.628922,25959700
10/28/2019,144.399994,145.669998,143.509995,144.190002,141.012665,35280100
10/29/2019,144.080002,144.5,142.649994,142.830002,139.682602,20589500
10/30/2019,143.520004,145,142.789993,144.610001,141.423401,18496600
10/31/2019,144.899994,144.929993,142.990005,143.369995,140.210724,24605100
11/1/2019,144.259995,144.419998,142.970001,143.720001,140.553009,33128400
11/4/2019,144.830002,145,144.160004,144.550003,141.364731,16912000
11/5/2019,144.970001,145.020004,143.910004,144.460007,141.276718,18250200
11/6/2019,144.369995,144.520004,143.199997,144.059998,140.885498,16575800
11/7/2019,143.839996,144.880005,143.770004,144.259995,141.081085,17786700
11/8/2019,143.979996,145.990005,143.759995,145.960007,142.743668,16732700
11/11/2019,145.339996,146.419998,144.729996,146.110001,142.89035,14362600
11/12/2019,146.279999,147.570007,146.059998,147.070007,143.829224,18641600
11/13/2019,146.740005,147.460007,146.279999,147.309998,144.063873,16919200
11/14/2019,147.020004,148.410004,147,148.059998,144.797363,19729800
11/15/2019,148.929993,149.990005,148.270004,149.970001,146.665268,23485700
11/18/2019,150.070007,150.550003,148.979996,150.339996,147.02713,21534000
11/19/2019,150.880005,151.330002,150.199997,150.389999,147.076035,23935700
11/20/2019,150.309998,150.839996,148.460007,149.619995,146.820908,25696800
11/21/2019,149.399994,149.800003,148.5,149.479996,146.683517,18576100
11/22/2019,150.070007,150.300003,148.820007,149.589996,146.791443,15901800
11/25/2019,150,151.350006,149.919998,151.229996,148.400787,22420900
11/26/2019,151.360001,152.419998,151.320007,152.029999,149.185806,24620100
11/27/2019,152.330002,152.5,151.520004,152.320007,149.470383,15184400
11/29/2019,152.100006,152.300003,151.279999,151.380005,148.547974,11977300
12/2/2019,151.809998,151.830002,148.320007,149.550003,146.752213,27418400
12/3/2019,147.490005,149.429993,146.649994,149.309998,146.516693,24066000
12/4/2019,150.139999,150.179993,149.199997,149.850006,147.046585,17574700
12/5/2019,150.050003,150.320007,149.479996,149.929993,147.125076,17869100
12/6/2019,150.990005,151.869995,150.270004,151.75,148.911041,16403500
12/9/2019,151.070007,152.210007,150.910004,151.360001,148.528351,16687400
12/10/2019,151.289993,151.889999,150.759995,151.130005,148.302673,16476100
12/11/2019,151.539993,151.869995,150.330002,151.699997,148.861984,18856600
12/12/2019,151.649994,153.440002,151.020004,153.240005,150.373169,24612100
12/13/2019,153,154.889999,152.830002,154.529999,151.639038,23845400
12/16/2019,155.110001,155.899994,154.820007,155.529999,152.620331,24144200
12/17/2019,155.449997,155.710007,154.449997,154.690002,151.796051,25425600
12/18/2019,154.300003,155.479996,154.179993,154.369995,151.48204,24129200
12/19/2019,154,155.770004,153.75,155.710007,152.796982,24958900
12/20/2019,157.350006,158.490005,156.289993,157.410004,154.465179,53477500
12/23/2019,158.119995,158.119995,157.270004,157.410004,154.465179,17718200
12/24/2019,157.479996,157.710007,157.119995,157.380005,154.435715,8989200
12/26/2019,157.559998,158.729996,157.399994,158.669998,155.701584,14520600
12/27/2019,159.449997,159.550003,158.220001,158.960007,155.986176,18412800
12/30/2019,158.990005,159.020004,156.729996,157.589996,154.641785,16348400
12/31/2019,156.770004,157.770004,156.449997,157.699997,154.749756,18369400
1/2/2020,158.779999,160.729996,158.330002,160.619995,157.615128,22622100
1/3/2020,158.320007,159.949997,158.059998,158.619995,155.652542,21116200
1/6/2020,157.080002,159.100006,156.509995,159.029999,156.054855,20813700
1/7/2020,159.320007,159.669998,157.320007,157.580002,154.631989,21634100
1/8/2020,158.929993,160.800003,157.949997,160.089996,157.095032,27746500
1/9/2020,161.839996,162.220001,161.029999,162.089996,159.057617,21385000
1/10/2020,162.820007,163.220001,161.179993,161.339996,158.321655,20725900
1/13/2020,161.759995,163.309998,161.259995,163.279999,160.225342,21626500
1/14/2020,163.389999,163.600006,161.720001,162.130005,159.096909,23477400
1/15/2020,162.619995,163.940002,162.570007,163.179993,160.127197,21417900
1/16/2020,164.350006,166.240005,164.029999,166.169998,163.061264,23865400
1/17/2020,167.419998,167.470001,165.429993,167.100006,163.973892,34371700
1/21/2020,166.679993,168.190002,166.429993,166.5,163.385117,29517200
1/22/2020,167.399994,167.490005,165.679993,165.699997,162.600067,24138800
1/23/2020,166.190002,166.800003,165.270004,166.720001,163.600998,19680800
1/24/2020,167.509995,167.529999,164.449997,165.039993,161.952423,24918100
1/27/2020,161.149994,163.380005,160.199997,162.279999,159.244049,32078100
1/28/2020,163.779999,165.759995,163.070007,165.460007,162.364578,24899900
1/29/2020,167.839996,168.75,165.690002,168.039993,164.896317,34754500
1/30/2020,174.050003,174.050003,170.789993,172.779999,169.547623,51597500
1/31/2020,172.210007,172.399994,169.580002,170.229996,167.045319,36142700
2/3/2020,170.429993,174.5,170.399994,174.380005,171.117691,30107000
2/4/2020,177.139999,180.639999,176.309998,180.119995,176.75032,36433300
2/5/2020,184.029999,184.199997,178.410004,179.899994,176.534409,39186300
2/6/2020,180.970001,183.820007,180.059998,183.630005,180.194641,27751400
2/7/2020,182.850006,185.630005,182.479996,183.889999,180.449768,33529100
2/10/2020,183.580002,188.839996,183.25,188.699997,185.169769,35844300
2/11/2020,190.649994,190.699997,183.5,184.440002,180.989487,53159900
2/12/2020,185.580002,185.850006,181.850006,184.710007,181.254425,47062900
2/13/2020,183.080002,186.229996,182.869995,183.710007,180.273148,35295800
2/14/2020,183.25,185.410004,182.649994,185.350006,181.882477,23149500
2/18/2020,185.610001,187.699997,185.5,187.229996,183.727295,27792200
2/19/2020,188.059998,188.179993,186.470001,187.279999,184.27832,29997500
2/20/2020,186.949997,187.25,181.100006,184.419998,181.464172,36862400
2/21/2020,183.169998,183.5,177.25,178.589996,175.72757,48572600
2/24/2020,167.770004,174.550003,163.229996,170.889999,168.151031,68311100
2/25/2020,174.199997,174.839996,167.649994,168.070007,165.376221,68073300
2/26/2020,169.710007,173.259995,168.210007,170.169998,167.442551,56206100
2/27/2020,163.320007,167.029999,157.979996,158.179993,155.64473,93174900
2/28/2020,152.410004,163.710007,152,162.009995,159.41333,97012700
3/2/2020,165.309998,172.919998,162.309998,172.789993,170.020569,71030800
3/3/2020,173.800003,175,162.259995,164.509995,161.873276,71677000
3/4/2020,168.490005,170.699997,165.619995,170.550003,167.816483,49814400
3/5/2020,166.050003,170.869995,165.690002,166.270004,163.605072,47817300
3/6/2020,162.610001,163.110001,156,161.570007,158.980408,72821100
3/9/2020,151,157.75,150,150.619995,148.205887,70419300
3/10/2020,158.160004,161.029999,152.580002,160.919998,158.340805,65354400
3/11/2020,157.130005,157.699997,151.149994,153.630005,151.167664,56371600
3/12/2020,145.300003,153.470001,138.580002,139.059998,136.831161,93226400
3/13/2020,147.5,161.910004,140.729996,158.830002,156.284302,92727400
3/16/2020,140,149.350006,135,135.419998,133.249512,87905900
3/17/2020,140,147.5,135,146.570007,144.220825,81059800
3/18/2020,138,146,135.020004,140.399994,138.149719,81593200
3/19/2020,142.770004,150.149994,139,142.710007,140.422684,85922700
3/20/2020,146,147.100006,135.860001,137.350006,135.148621,84866200
3/23/2020,137.009995,140.570007,132.520004,135.979996,133.800537,78975200
3/24/2020,143.75,149.600006,141.270004,148.339996,145.962418,82516700
3/25/2020,148.910004,154.330002,144.440002,146.919998,144.565186,75638200
3/26/2020,148.399994,156.660004,148.369995,156.110001,153.607895,64568100
3/27/2020,151.75,154.889999,149.199997,149.699997,147.300644,57042300
3/30/2020,152.440002,160.600006,150.009995,160.229996,157.661865,63420300
3/31/2020,159.399994,164.779999,156.559998,157.710007,155.182251,77927200
4/1/2020,153,157.75,150.820007,152.110001,149.672012,57969900
4/2/2020,151.860001,155.479996,150.360001,155.259995,152.771515,49630700
4/3/2020,155.100006,157.380005,152.190002,153.830002,151.364456,41243300
4/6/2020,160.320007,166.5,157.580002,165.270004,162.621094,67111700
4/7/2020,169.589996,170,163.259995,163.490005,160.869614,62769000
4/8/2020,165.669998,166.669998,163.5,165.130005,162.483353,48318200
4/9/2020,166.360001,167.369995,163.330002,165.139999,162.493164,51385100
4/13/2020,164.350006,165.570007,162.300003,165.509995,162.857224,41905300
4/14/2020,169,173.75,168,173.699997,170.91597,52874300
4/15/2020,171.199997,173.570007,169.240005,171.880005,169.125153,40940800
4/16/2020,174.300003,177.279999,172.899994,177.039993,174.202454,50479600
4/17/2020,179.5,180,175.869995,178.600006,175.737457,52765600
4/20/2020,176.630005,178.75,174.990005,175.059998,172.254196,36669600
4/21/2020,173.5,173.669998,166.110001,167.820007,165.130219,56203700
4/22/2020,171.389999,174,170.820007,173.520004,170.738861,34620200
4/23/2020,174.110001,175.059998,170.910004,171.419998,168.672516,32790800
4/24/2020,172.059998,174.559998,170.710007,174.550003,171.752365,34277600
4/27/2020,176.589996,176.899994,173.300003,174.050003,171.260391,33194400
4/28/2020,175.589996,175.669998,169.389999,169.809998,167.088318,34392700
4/29/2020,173.220001,177.679993,171.880005,177.429993,174.586182,51286600
4/30/2020,180,180.399994,176.229996,179.210007,176.337662,53875900
5/1/2020,175.800003,178.639999,174.009995,174.570007,171.772034,39370500
5/4/2020,174.490005,179,173.800003,178.839996,175.973602,30372900
5/5/2020,180.619995,183.649994,179.899994,180.759995,177.862808,36839200
5/6/2020,182.080002,184.199997,181.630005,182.539993,179.614273,32139300
5/7/2020,184.169998,184.550003,182.580002,183.600006,180.657288,28316000
5/8/2020,184.979996,185,183.360001,184.679993,181.720001,30877800
5/11/2020,183.149994,187.509995,182.850006,186.740005,183.746979,30892700
5/12/2020,186.800003,187.039993,182.300003,182.509995,179.584778,32038200
5/13/2020,182.550003,184.050003,176.539993,179.75,176.869019,44711500
5/14/2020,177.539993,180.690002,175.679993,180.529999,177.636536,41873900
5/15/2020,179.059998,187.059998,177,183.160004,180.22435,46610400
5/18/2020,185.75,186.199997,183.960007,184.910004,181.946289,35264500
5/19/2020,185.029999,186.600006,183.490005,183.630005,180.686798,26799100
5/20/2020,184.809998,185.850006,183.940002,185.660004,183.193069,31261300
5/21/2020,185.399994,186.669998,183.289993,183.429993,180.992676,29119500
5/22/2020,183.190002,184.460007,182.539993,183.509995,181.071609,20826900
5/26/2020,186.339996,186.5,181.100006,181.570007,179.157425,36073600
5/27/2020,180.199997,181.990005,176.600006,181.809998,179.394241,39517100
5/28/2020,180.740005,184.149994,180.380005,181.399994,178.98967,33810200
5/29/2020,182.729996,184.270004,180.410004,183.25,180.815079,42130400
6/1/2020,182.539993,183,181.460007,182.830002,180.400681,22622400
6/2/2020,184.25,185,181.350006,184.910004,182.453033,30794600
6/3/2020,184.820007,185.940002,183.580002,185.360001,182.897049,27311000
6/4/2020,184.300003,185.839996,182.300003,182.919998,180.489471,28761800
6/5/2020,182.619995,187.729996,182.009995,187.199997,184.712616,39893600
6/8/2020,185.940002,188.550003,184.440002,188.360001,185.857193,33211600
6/9/2020,188,190.699997,187.259995,189.800003,187.278061,29783900
6/10/2020,191.130005,198.520004,191.009995,196.839996,194.224518,43872300
6/11/2020,193.130005,195.759995,186.070007,186.270004,183.794968,52854700
6/12/2020,190.539993,191.720001,185.179993,187.740005,185.245453,43373600
6/15/2020,184.580002,190.820007,184.009995,188.940002,186.429489,32770200
6/16/2020,192.889999,195.580002,191.460007,193.570007,190.997986,42556700
6/17/2020,195.029999,196.320007,193.690002,194.240005,191.659088,25687800
6/18/2020,194,196.490005,194,196.320007,193.711441,23061600
6/19/2020,198.589996,199.289993,194.369995,195.149994,192.556992,44441100
6/22/2020,195.789993,200.759995,195.229996,200.570007,197.904968,32818900
6/23/2020,202.089996,203.949997,201.429993,201.910004,199.227158,30917400
6/24/2020,201.600006,203.25,196.559998,197.839996,195.211212,36740600
6/25/2020,197.800003,200.610001,195.470001,200.339996,197.678024,27803900
6/26/2020,199.729996,199.889999,194.880005,196.330002,193.721298,54675800
6/29/2020,195.779999,198.529999,193.550003,198.440002,195.803268,26701600
6/30/2020,197.880005,204.399994,197.740005,203.509995,200.805878,34310300
7/1/2020,203.139999,206.350006,201.770004,204.699997,201.980072,32061200
7/2/2020,205.679993,208.020004,205,206.259995,203.519363,29315800
7/6/2020,208.830002,211.130005,208.089996,210.699997,207.900375,31897600
7/7/2020,210.449997,214.669998,207.990005,208.25,205.48291,33600700
7/8/2020,210.070007,213.259995,208.690002,212.830002,210.002045,33600000
7/9/2020,216.330002,216.380005,211.470001,214.320007,211.47226,33121700
7/10/2020,213.619995,214.080002,211.080002,213.669998,210.830887,26177600
7/13/2020,214.479996,215.800003,206.5,207.070007,204.318604,38135600
7/14/2020,206.130005,208.850006,202.029999,208.350006,205.581604,37591800
7/15/2020,209.559998,211.330002,205.029999,208.039993,205.275696,32179400
7/16/2020,205.399994,205.699997,202.309998,203.919998,201.210464,29940700
7/17/2020,204.470001,205.039993,201.389999,202.880005,200.18428,31635300
7/20/2020,205,212.300003,203.009995,211.600006,208.788406,36884800
7/21/2020,213.660004,213.940002,208.029999,208.75,205.976288,37990400
7/22/2020,209.199997,212.300003,208.389999,211.75,208.936386,49605700
7/23/2020,207.190002,210.919998,202.149994,202.539993,199.848785,67457000
7/24/2020,200.419998,202.860001,197.509995,201.300003,198.625259,39827000
7/27/2020,201.470001,203.970001,200.860001,203.850006,201.141388,30160900
7/28/2020,203.610001,204.699997,201.740005,202.020004,199.335709,23251400
7/29/2020,202.5,204.649994,202.009995,204.059998,201.348587,19632600
7/30/2020,201,204.460007,199.570007,203.899994,201.190704,25079600
7/31/2020,204.399994,205.100006,199.009995,205.009995,202.285965,51044000
8/3/2020,211.520004,217.639999,210.440002,216.539993,213.662766,78983000
8/4/2020,214.169998,214.770004,210.309998,213.289993,210.455933,49280100
8/5/2020,214.899994,215,211.570007,212.940002,210.110611,28806400
8/6/2020,212.339996,216.369995,211.550003,216.350006,213.475281,32656800
8/7/2020,214.850006,215.699997,210.929993,212.479996,209.656708,27820400
8/10/2020,211.669998,211.880005,206.350006,208.25,205.48291,36716500
8/11/2020,207.160004,207.649994,203.139999,203.380005,200.677628,36446500
8/12/2020,205.289993,210.279999,204.75,209.190002,206.410431,28013100
8/13/2020,209.440002,211.350006,208.149994,208.699997,205.926926,22588900
8/14/2020,208.759995,209.589996,207.509995,208.899994,206.124268,17958900
8/17/2020,209.600006,211.190002,208.919998,210.279999,207.485947,20184800
8/18/2020,210.529999,212.360001,209.210007,211.490005,208.679855,21336200
8/19/2020,211.490005,212.100006,209.25,209.699997,207.413834,27627600
8/20/2020,209.539993,215,208.910004,214.580002,212.240616,26981500
8/21/2020,213.860001,216.25,212.850006,213.020004,210.697632,36249300
8/24/2020,214.789993,215.520004,212.429993,213.690002,211.360306,25460100
8/25/2020,213.100006,216.610001,213.100006,216.470001,214.110016,23043700
8/26/2020,217.880005,222.089996,217.360001,221.149994,218.738983,39600800
8/27/2020,222.889999,231.149994,219.399994,226.580002,224.109802,57602200
8/28/2020,228.179993,230.639999,226.580002,228.910004,226.414383,26292900
8/31/2020,227,228.699997,224.309998,225.529999,223.071228,28774200
9/1/2020,225.509995,227.449997,224.429993,227.270004,224.792282,25725500
9/2/2020,227.970001,232.860001,227.350006,231.649994,229.124527,34080800
9/3/2020,229.270004,229.309998,214.960007,217.300003,214.930984,58400300
9/4/2020,215.100006,218.360001,205.190002,214.25,211.9142,59664100
9/8/2020,206.5,210.029999,202.199997,202.660004,200.450577,52924300
9/9/2020,207.600006,214.839996,206.699997,211.289993,208.986481,45679000
9/10/2020,213.399994,214.740005,204.110001,205.369995,203.131027,35461500
9/11/2020,207.199997,208.630005,201.240005,204.029999,201.805634,33620100
9/14/2020,204.240005,209.199997,204.029999,205.410004,203.170609,30375800
9/15/2020,208.419998,209.779999,206.929993,208.779999,206.503845,21823900
9/16/2020,210.619995,210.649994,204.639999,205.050003,202.814529,26328100
9/17/2020,200.050003,204.330002,199.960007,202.910004,200.697845,34011300
9/18/2020,202.800003,203.649994,196.25,200.389999,198.205322,55225300
9/21/2020,197.190002,202.710007,196.380005,202.539993,200.331879,39839700
9/22/2020,205.059998,208.100006,202.080002,207.419998,205.158676,33517100
9/23/2020,207.899994,208.100006,200.029999,200.589996,198.403137,30803800
9/24/2020,199.850006,205.570007,199.199997,203.190002,200.974792,31202500
9/25/2020,203.550003,209.039993,202.539993,207.820007,205.554321,29437300
9/28/2020,210.880005,212.570007,208.059998,209.440002,207.156662,32004900
9/29/2020,209.350006,210.070007,206.809998,207.259995,205.000412,24221900
9/30/2020,207.729996,211.979996,206.539993,210.330002,208.036972,33829100
10/1/2020,213.490005,213.990005,211.320007,212.460007,210.143738,27158400
10/2/2020,208,210.990005,205.539993,206.190002,203.942078,33154800
10/5/2020,207.220001,210.410004,206.979996,210.380005,208.086426,21331600
10/6/2020,208.820007,210.179993,204.820007,205.910004,203.665131,28554300
10/7/2020,207.059998,210.110001,206.720001,209.830002,207.542419,25681100
10/8/2020,210.509995,211.190002,208.320007,210.580002,208.284241,19925800
10/9/2020,211.229996,215.860001,211.229996,215.809998,213.457214,26458000
10/12/2020,218.789993,223.860001,216.809998,221.399994,218.986252,40461400
10/13/2020,222.720001,225.210007,220.429993,222.860001,220.430344,28950800
10/14/2020,223,224.220001,219.130005,220.860001,218.452148,23421700
10/15/2020,217.100006,220.360001,216.009995,219.660004,217.265244,22733100
10/16/2020,220.149994,222.289993,219.320007,219.660004,217.265244,26057900
10/19/2020,220.419998,222.300003,213.720001,214.220001,211.884552,27625800
10/20/2020,215.800003,217.369995,213.089996,214.649994,212.30986,22753500
10/21/2020,213.119995,216.919998,213.119995,214.800003,212.458221,22724900
10/22/2020,213.929993,216.059998,211.699997,214.889999,212.547241,22351500
10/23/2020,215.029999,216.279999,213.160004,216.229996,213.872604,18879600
10/26/2020,213.850006,216.339996,208.100006,210.080002,207.789673,37111600
10/27/2020,211.589996,214.669998,210.330002,213.25,210.92511,36700300
10/28/2020,207.669998,208.839996,202.100006,202.679993,200.470352,51195600
10/29/2020,204.070007,207.360001,203.369995,204.720001,202.488098,31432600
10/30/2020,203.5,204.289993,199.619995,202.470001,200.26265,36953700
11/2/2020,204.289993,205.279999,200.119995,202.330002,200.124176,30842200
11/3/2020,203.889999,208.119995,203.119995,206.429993,204.179459,27512000
11/4/2020,214.020004,218.320007,212.419998,216.389999,214.030869,42311800
11/5/2020,222.039993,224.119995,221.149994,223.289993,220.855652,36080100
11/6/2020,222.259995,224.360001,218.029999,223.720001,221.280975,25231900
11/9/2020,224.440002,228.119995,217.880005,218.389999,216.009094,44395000
11/10/2020,214.5,216.5,209.720001,211.009995,208.709534,44045100
11/11/2020,212.389999,218.039993,212.199997,216.550003,214.189133,29440800
11/12/2020,217.210007,219.110001,214.460007,215.440002,213.091248,21593900
11/13/2020,216.360001,217.419998,214.160004,216.509995,214.149567,18621100
11/16/2020,214.869995,217.740005,214.520004,217.229996,214.861725,24953300
11/17/2020,216.100006,217.679993,214.080002,214.460007,212.121933,24154100
11/18/2020,213.649994,215.169998,210.929993,211.080002,209.325363,28372800
11/19/2020,211.380005,213.029999,209.929993,212.419998,210.654236,24792700
11/20/2020,212.199997,213.289993,210,210.389999,208.641098,22843100
11/23/2020,210.949997,212.289993,208.160004,210.110001,208.363434,25683500
11/24/2020,209.589996,214.25,208.860001,213.860001,212.082275,33979700
11/25/2020,215.110001,215.289993,212.460007,213.869995,212.092178,21012900
11/27/2020,214.850006,216.270004,214.039993,215.229996,213.440872,14512200
11/30/2020,214.100006,214.759995,210.839996,214.070007,212.290527,33064800
12/1/2020,214.509995,217.320007,213.350006,216.210007,214.412735,30904500
12/2/2020,214.880005,215.470001,212.800003,215.369995,213.579712,23724500
12/3/2020,214.610001,216.380005,213.649994,214.240005,212.459106,25120900
12/4/2020,214.220001,215.380005,213.179993,214.360001,212.578094,24666000
12/7/2020,214.369995,215.539993,212.990005,214.289993,212.508682,24620000
12/8/2020,213.970001,216.949997,212.889999,216.009995,214.214386,23284100
12/9/2020,215.160004,215.229996,211.210007,211.800003,210.039383,32440600
12/10/2020,211.770004,213.080002,210.360001,210.520004,208.770035,26733300
12/11/2020,210.050003,213.320007,209.110001,213.259995,211.487244,30979400
12/14/2020,213.100006,216.210007,212.880005,214.199997,212.419418,28798400
12/15/2020,215.169998,215.419998,212.240005,214.130005,212.350021,27000600
12/16/2020,214.75,220.110001,214.720001,219.279999,217.457199,35023300
12/17/2020,219.869995,220.889999,217.919998,219.419998,217.596039,32515800
12/18/2020,218.589996,219.690002,216.020004,218.589996,216.772949,63354900
12/21/2020,217.550003,224,217.279999,222.589996,220.739685,37181900
12/22/2020,222.690002,225.630005,221.850006,223.940002,222.078476,22612200
12/23/2020,223.110001,223.559998,220.800003,221.020004,219.182739,18699600
12/24/2020,221.419998,223.610001,221.199997,222.75,220.898361,10550600
12/28/2020,224.449997,226.029999,223.020004,224.960007,223.089996,17933500
12/29/2020,226.309998,227.179993,223.580002,224.149994,222.286728,17403200
12/30/2020,225.229996,225.630005,221.470001,221.679993,219.83725,20272300
12/31/2020,221.699997,223,219.679993,222.419998,220.571106,20942100
1/4/2021,222.529999,223,214.809998,217.690002,215.880417,37130100
1/5/2021,217.259995,218.520004,215.699997,217.899994,216.088654,23823000
1/6/2021,212.169998,216.490005,211.940002,212.25,210.485641,35930700
1/7/2021,214.039993,219.339996,213.710007,218.289993,216.475433,27694500
1/8/2021,218.679993,220.580002,217.029999,219.619995,217.794373,22956200
1/11/2021,218.470001,218.910004,216.729996,217.490005,215.682083,23031300
1/12/2021,216.5,217.100006,213.320007,214.929993,213.143356,23249300
1/13/2021,214.020004,216.759995,213.929993,216.339996,214.541641,20087100
1/14/2021,215.910004,217.460007,212.740005,213.020004,211.249252,29480800
1/15/2021,213.520004,214.509995,212.029999,212.649994,210.882294,31746500
1/19/2021,213.75,216.979996,212.630005,216.440002,214.640823,30480900
1/20/2021,217.699997,225.789993,217.289993,224.339996,222.475143,37777300
1/21/2021,224.699997,226.300003,222.419998,224.970001,223.099915,30709400
1/22/2021,227.080002,230.070007,225.800003,225.949997,224.071747,30172700
1/25/2021,229.119995,229.779999,224.220001,229.529999,227.621994,33152100
1/26/2021,231.860001,234.179993,230.080002,232.330002,230.398727,49169600
1/27/2021,238,240.440002,230.139999,232.899994,230.963989,69870600
1/28/2021,235.610001,242.639999,235.089996,238.929993,236.943863,49111200
1/29/2021,235.990005,238.020004,231.350006,231.960007,230.031799,42503100
2/1/2021,235.059998,242.5,232.429993,239.649994,237.657852,33314200
2/2/2021,241.300003,242.309998,238.690002,239.509995,237.519028,25916300
2/3/2021,239.570007,245.089996,239.259995,243,240.980042,27158100
2/4/2021,242.660004,243.240005,240.369995,242.009995,239.998245,25296100
2/5/2021,242.229996,243.279999,240.419998,242.199997,240.186676,18054800
2/8/2021,243.149994,243.679993,240.809998,242.470001,240.454422,22211900
2/9/2021,241.869995,244.759995,241.380005,243.770004,241.743622,23565000
2/10/2021,245,245.919998,240.889999,242.820007,240.801544,22186700
2/11/2021,244.779999,245.149994,242.149994,244.490005,242.457657,15751100
2/12/2021,243.929993,245.300003,242.729996,244.990005,242.953506,16561100
2/16/2021,245.029999,246.130005,242.919998,243.699997,241.67421,26728500
2/17/2021,241.320007,244.309998,240.940002,244.199997,242.727814,21653500
2/18/2021,241.800003,243.929993,240.860001,243.789993,242.320282,16925600
2/19/2021,243.75,243.860001,240.179993,240.970001,239.517288,25262600
2/22/2021,237.419998,237.929993,232.399994,234.509995,233.096237,36446900
2/23/2021,230.330002,234.830002,228.729996,233.270004,231.863708,30228700
2/24/2021,230.009995,235.199997,229,234.550003,233.136002,26339700
2/25/2021,232.080002,234.589996,227.880005,228.990005,227.609512,39542200
2/26/2021,231.529999,235.369995,229.539993,232.380005,230.97908,37819200
3/1/2021,235.899994,237.470001,233.149994,236.940002,235.511581,25324000
3/2/2021,237.009995,237.300003,233.449997,233.869995,232.460083,22812500
3/3/2021,232.160004,233.580002,227.259995,227.559998,226.188126,34029500
3/4/2021,226.740005,232.490005,224.259995,226.729996,225.363129,44727800
3/5/2021,229.520004,233.270004,226.460007,231.600006,230.203766,41872800
3/8/2021,231.369995,233.369995,227.130005,227.389999,226.019165,35267400
3/9/2021,232.880005,235.380005,231.669998,233.779999,232.370636,33080500
3/10/2021,237,237,232.039993,232.419998,231.018829,29746800
3/11/2021,234.960007,239.169998,234.309998,237.130005,235.700455,29907600
3/12/2021,234.009995,235.820007,233.229996,235.75,234.328751,22653700
3/15/2021,234.960007,235.190002,231.809998,234.809998,233.394424,26034900
3/16/2021,236.279999,240.059998,235.940002,237.710007,236.276932,28092200
3/17/2021,236.149994,238.550003,233.229996,237.039993,235.610962,29562100
3/18/2021,232.559998,234.190002,230.330002,230.720001,229.329086,34833000
3/19/2021,231.020004,232.470001,229.350006,230.350006,228.961304,46430700
3/22/2021,230.270004,236.899994,230.139999,235.990005,234.567322,30127000
3/23/2021,237.490005,241.050003,237.070007,237.580002,236.147736,31638400
3/24/2021,237.850006,238,235.320007,235.460007,234.040512,25620100
3/25/2021,235.300003,236.940002,231.570007,232.339996,230.939316,34061900
3/26/2021,231.550003,236.710007,231.550003,236.479996,235.054337,25479900
3/29/2021,236.589996,236.800003,231.880005,235.240005,233.821838,25227500
3/30/2021,233.529999,233.850006,231.100006,231.850006,230.452271,24792000
3/31/2021,232.910004,239.100006,232.389999,235.770004,234.348633,43623500
4/1/2021,238.470001,242.839996,238.050003,242.350006,240.888962,30338000
4/5/2021,242.759995,249.960007,242.699997,249.070007,247.568466,36910600
4/6/2021,247.610001,249.399994,246.880005,247.860001,246.365753,22931900
4/7/2021,247.809998,250.929993,247.190002,249.899994,248.393448,22719800
4/8/2021,252.770004,254.139999,252,253.25,251.723251,23625200
4/9/2021,252.869995,255.990005,252.440002,255.850006,254.307587,24326800
4/12/2021,254.710007,257.670013,254.619995,255.910004,254.367218,27148700
4/13/2021,257.26001,259.190002,256.829987,258.48999,256.931671,23837500
4/14/2021,257.480011,258.829987,255.160004,255.589996,254.049149,23070900
4/15/2021,257.929993,259.929993,257.730011,259.5,257.935547,25627500
4/16/2021,259.470001,261,257.600006,260.73999,259.168091,24878600
4/19/2021,260.190002,261.480011,257.820007,258.73999,257.180176,23209300
4/20/2021,257.820007,260.200012,256.839996,258.26001,256.703064,19722900
4/21/2021,258.940002,260.679993,257.25,260.579987,259.009064,24030400
4/22/2021,260.209991,261.779999,255.639999,257.170013,255.619614,25606200
4/23/2021,257.880005,261.51001,257.269989,261.149994,259.575623,21462600
4/26/2021,261.660004,262.440002,260.170013,261.549988,259.973206,19763300
4/27/2021,261.579987,263.190002,260.119995,261.970001,260.390717,31014200
4/28/2021,256.079987,256.540009,252.949997,254.559998,253.02536,46903100
4/29/2021,255.460007,256.100006,249,252.509995,250.987701,40589000
4/30/2021,249.740005,253.080002,249.600006,252.179993,250.659698,30945100
5/3/2021,253.399994,254.350006,251.119995,251.860001,250.341629,19626600
5/4/2021,250.970001,251.210007,245.759995,247.789993,246.296158,32756100
5/5/2021,249.059998,249.5,245.820007,246.470001,244.984131,21901300
5/6/2021,246.449997,249.860001,244.690002,249.729996,248.224472,26491100
5/7/2021,252.149994,254.300003,251.169998,252.460007,250.938019,27032900
5/10/2021,250.869995,251.729996,247.119995,247.179993,245.689835,29299900
5/11/2021,244.550003,246.600006,242.570007,246.229996,244.745575,33641600
5/12/2021,242.169998,244.380005,238.070007,239,237.559158,36684400
5/13/2021,241.800003,245.600006,241.419998,243.029999,241.564865,29624300
5/14/2021,245.580002,249.179993,245.490005,248.149994,246.653992,23901100
5/17/2021,246.550003,246.589996,243.520004,245.179993,243.701904,24970200
5/18/2021,246.270004,246.410004,242.899994,243.080002,241.614578,20168000
5/19/2021,239.309998,243.229996,238.600006,243.119995,242.212326,25739800
5/20/2021,243.960007,247.949997,243.860001,246.479996,245.559784,21800700
5/21/2021,247.570007,248.330002,244.740005,245.169998,244.254669,21863100
5/24/2021,247.789993,251.160004,247.509995,250.779999,249.843735,21411500
5/25/2021,251.770004,252.75,250.820007,251.720001,250.780228,17704300
5/26/2021,251.429993,252.940002,250.75,251.490005,250.551086,17771600
5/27/2021,251.169998,251.479996,249.25,249.309998,248.379227,24426200
5/28/2021,251,252.080002,249.559998,249.679993,248.747818,18270200
6/1/2021,251.229996,251.289993,246.960007,247.399994,246.476349,23213300
6/2/2021,248.130005,249.270004,245.839996,247.300003,246.376724,19406700
6/3/2021,245.220001,246.339996,243,245.710007,244.792679,25307700
6/4/2021,247.759995,251.649994,247.509995,250.789993,249.853683,25281100
6/7/2021,249.979996,254.089996,249.809998,253.809998,252.862411,23079200
6/8/2021,255.160004,256.01001,252.509995,252.570007,251.62706,22455000
6/9/2021,253.809998,255.529999,253.210007,253.589996,252.643234,17937600
6/10/2021,254.289993,257.459991,253.669998,257.23999,256.279602,24563600
6/11/2021,257.98999,258.48999,256.609985,257.890015,256.927185,18999700
6/14/2021,257.899994,259.950012,256.799988,259.890015,258.919739,19150500
6/15/2021,259.769989,259.98999,257.679993,258.359985,257.395416,18038900
6/16/2021,259.399994,260.579987,254.419998,257.380005,256.419098,27220000
6/17/2021,256.070007,261.75,256.01001,260.899994,259.925964,27565500
6/18/2021,259.630005,262.299988,258.75,259.429993,258.461426,37202200
6/21/2021,259.820007,263.519989,257.920013,262.630005,261.649475,26696100
6/22/2021,262.720001,265.790009,262.399994,265.51001,264.518738,24694100
6/23/2021,265.98999,266.829987,264.429993,265.269989,264.279633,19518700
6/24/2021,266.160004,267.850006,265.470001,266.690002,265.694336,21446900
6/25/2021,266.230011,267.25,264.76001,265.019989,264.030579,25611100
6/28/2021,266.190002,268.899994,265.910004,268.720001,267.716766,19590000
6/29/2021,268.869995,271.649994,267.980011,271.399994,270.386719,19937800
6/30/2021,270.690002,271.359985,269.600006,270.899994,269.888611,21656500
7/1/2021,269.609985,271.839996,269.600006,271.600006,270.586029,16725300
7/2/2021,272.820007,278,272.5,277.649994,276.613403,26458000
7/6/2021,278.029999,279.369995,274.299988,277.660004,276.623383,31565600
7/7/2021,279.399994,280.690002,277.149994,279.929993,278.884888,23260000
7/8/2021,276.899994,278.730011,274.869995,277.420013,276.384277,24618600
7/9/2021,275.720001,278.049988,275.320007,277.940002,276.902344,23916700
7/12/2021,279.160004,279.769989,276.579987,277.320007,276.284668,18931700
7/13/2021,277.519989,282.850006,277.390015,280.980011,279.930969,26120100
7/14/2021,282.350006,283.660004,280.549988,282.51001,281.455292,23113700
7/15/2021,282,282.51001,279.829987,281.029999,279.980774,22604200
7/16/2021,282.070007,284.100006,279.459991,280.75,279.701843,26186800
7/19/2021,278.929993,280.369995,274.450012,277.01001,275.9758,32935600
7/20/2021,278.029999,280.970001,276.26001,279.320007,278.277161,26259700
7/21/2021,278.899994,281.519989,277.290009,281.399994,280.349396,24364300
7/22/2021,283.839996,286.420013,283.420013,286.140015,285.071716,23384100
7/23/2021,287.369995,289.98999,286.5,289.670013,288.588531,22768100
7/26/2021,289,289.690002,286.640015,289.049988,287.970825,23176100
7/27/2021,289.429993,289.579987,282.950012,286.540009,285.470215,33604100
7/28/2021,288.98999,290.149994,283.829987,286.220001,285.151398,33566900
7/29/2021,286.23999,288.619995,286.079987,286.5,285.430389,18168300
7/30/2021,285.170013,286.660004,283.910004,284.910004,283.846313,20940900
8/2/2021,286.359985,286.769989,283.73999,284.820007,283.756653,16267400
8/3/2021,285.420013,287.230011,284,287.119995,286.048065,17879000
8/4/2021,286.220001,287.589996,284.649994,286.51001,285.440338,16191300
8/5/2021,286.880005,289.630005,286.100006,289.519989,288.439087,13900200
8/6/2021,288.51001,289.5,287.619995,289.459991,288.379333,16585200
8/9/2021,289.75,291.549988,287.809998,288.329987,287.25351,16117600
8/10/2021,288.799988,289.25,285.200012,286.440002,285.370605,18616600
8/11/2021,287.209991,288.660004,285.859985,286.950012,285.878723,13955900
8/12/2021,286.630005,289.970001,286.339996,289.809998,288.728027,14561300
8/13/2021,289.480011,292.899994,289.299988,292.850006,291.756653,18231400
8/16/2021,293.190002,294.820007,290.019989,294.600006,293.500153,22507600
8/17/2021,292.390015,293.429993,291.079987,293.079987,291.985809,20075300
8/18/2021,292.040009,294.820007,290.269989,290.730011,290.199097,21813000
8/19/2021,288.690002,297.470001,288.640015,296.769989,296.228027,29850500
8/20/2021,299.720001,305.839996,298.059998,304.359985,303.804169,40796100
8/23/2021,303.25,305.399994,301.850006,304.649994,304.093658,22830200
8/24/2021,305.019989,305.649994,302,302.619995,302.067352,18175800
8/25/2021,304.299988,304.589996,300.420013,302.01001,301.458496,20006100
8/26/2021,300.98999,302.429993,298.950012,299.089996,298.543823,17666100
8/27/2021,298.98999,300.869995,296.829987,299.720001,299.172668,22597000
8/30/2021,301.119995,304.220001,301.059998,303.589996,303.035583,16348100
8/31/2021,304.420013,304.5,301.5,301.880005,301.328735,26285300
9/1/2021,302.869995,305.190002,301.48999,301.829987,301.278809,18983800
9/2/2021,302.200012,303.359985,300.179993,301.149994,300.600037,16285600
9/3/2021,300.98999,302.600006,300.26001,301.140015,300.590088,14747900
9/7/2021,301.01001,301.089996,298.200012,300.179993,299.631805,17180400
9/8/2021,299.779999,300.609985,297.470001,300.209991,299.661743,15046800
9/9/2021,300.820007,302.140015,297,297.25,296.707184,19927000
9/10/2021,298.420013,299.920013,295.380005,295.709991,295.169983,19619400
9/13/2021,297.549988,298.540009,294.079987,296.98999,296.447632,23652900
9/14/2021,299.559998,301.390015,298.100006,299.790009,299.242554,21853400
9/15/2021,303.26001,305.320007,301.820007,304.820007,304.263367,28356300
9/16/2021,303.76001,305.309998,300.76001,305.220001,304.662628,19550800
9/17/2021,304.170013,304.5,299.529999,299.869995,299.322388,41372500
9/20/2021,296.329987,298.720001,289.519989,294.299988,293.762543,38278700
9/21/2021,295.690002,297.540009,294.070007,294.799988,294.261627,22364100
9/22/2021,296.730011,300.220001,294.51001,298.579987,298.034729,26626300
9/23/2021,298.850006,300.899994,297.529999,299.559998,299.012939,18604600
9/24/2021,298.230011,299.799988,296.929993,299.350006,298.803345,14999000
9/27/2021,296.140015,296.470001,292.940002,294.170013,293.632813,23571700
9/28/2021,289.799988,290.779999,282.75,283.519989,283.002228,43186200
9/29/2021,285.100006,286.769989,283.01001,284,283.481354,26353700
9/30/2021,285.709991,287.829987,281.619995,281.920013,281.405182,32325800
10/1/2021,282.119995,289.980011,281.290009,289.100006,288.572052,30086300
10/4/2021,287.399994,287.75,280.25,283.109985,282.592987,31350700
10/5/2021,284.049988,290.399994,284.049988,288.76001,288.232697,24993000
10/6/2021,285.779999,293.630005,285.51001,293.109985,292.574707,28002600
10/7/2021,295.179993,296.640015,293.920013,294.850006,294.311554,20430500
10/8/2021,296.220001,296.640015,293.76001,294.850006,294.311554,17680300
10/11/2021,292.920013,297.970001,292.75,294.230011,293.692688,19298600
10/12/2021,295.339996,295.440002,292.350006,292.880005,292.345154,17974100
10/13/2021,294.910004,297.279999,293.48999,296.309998,295.76889,23416300
10/14/2021,299.209991,303.269989,297.829987,302.75,302.197113,27262900
10/15/2021,302.339996,304.450012,300.519989,304.209991,303.654449,25374700
10/18/2021,303.570007,308.209991,302.690002,307.290009,306.728851,22729300
10/19/2021,308.350006,309.299988,307.220001,308.230011,307.667145,17682100
10/20/2021,309.209991,309.700012,306.109985,307.410004,306.848633,16537100
10/21/2021,307.170013,311.019989,306.359985,310.76001,310.192505,16918100
10/22/2021,310.399994,311.089996,307.799988,309.160004,308.595428,17449300
10/25/2021,309.359985,309.399994,306.459991,308.130005,307.567322,17554500
10/26/2021,311,312.399994,308.600006,310.109985,309.543671,28107300
10/27/2021,316,326.100006,316,323.170013,322.579865,52588700
10/28/2021,324.329987,324.869995,321.359985,324.350006,323.75769,26297900
10/29/2021,324.130005,332,323.899994,331.619995,331.014404,34744900
11/1/2021,331.359985,331.48999,326.369995,329.369995,328.768524,27073200
11/2/2021,330.309998,333.450012,330,333.130005,332.521667,26487100
11/3/2021,333.899994,334.899994,330.649994,334,333.390045,21500100
11/4/2021,332.890015,336.540009,329.51001,336.440002,335.825592,23992200
11/5/2021,338.51001,338.790009,334.420013,336.059998,335.446289,22564000
11/8/2021,337.299988,337.649994,334.440002,336.98999,336.374603,20897000
11/9/2021,337.109985,338.720001,334.529999,335.950012,335.336517,21307400
11/10/2021,334.570007,334.630005,329.920013,330.799988,330.195892,25500900
11/11/2021,331.25,333.769989,330.51001,332.429993,331.822906,16849800
11/12/2021,333.920013,337.230011,333.790009,336.720001,336.105103,23822000
11/15/2021,337.540009,337.880005,334.029999,336.070007,335.456299,16723000
11/16/2021,335.679993,340.670013,335.51001,339.51001,338.890015,20886800
11/17/2021,338.940002,342.190002,338,339.119995,339.119995,19053400
11/18/2021,338.179993,342.450012,337.119995,341.269989,341.269989,22463500
11/19/2021,342.640015,345.100006,342.200012,343.109985,343.109985,21963400
11/22/2021,344.619995,349.670013,339.549988,339.829987,339.829987,31031100
11/23/2021,337.049988,339.450012,333.559998,337.679993,337.679993,30427600
11/24/2021,336.279999,338.160004,333.910004,337.910004,337.910004,21661300
11/26/2021,334.350006,337.929993,328.119995,329.679993,329.679993,24217200
11/29/2021,334.940002,339.029999,334.73999,336.630005,336.630005,28563500
11/30/2021,335.320007,337.779999,328.98999,330.589996,330.589996,42885600
12/1/2021,335.130005,339.279999,329.390015,330.079987,330.079987,33337600
12/2/2021,330.299988,333.48999,327.799988,329.48999,329.48999,30766000
12/3/2021,331.98999,332.700012,318.029999,323.01001,323.01001,41755900
12/6/2021,323.950012,327.450012,319.230011,326.190002,326.190002,30032600
12/7/2021,331.640015,335.799988,330.100006,334.920013,334.920013,31021900
12/8/2021,335.309998,335.5,330.799988,334.970001,334.970001,24761000
12/9/2021,334.410004,336.48999,332.119995,333.100006,333.100006,22214200
12/10/2021,334.980011,343,334.790009,342.540009,342.540009,38077300
12/13/2021,340.679993,343.790009,339.079987,339.399994,339.399994,28899400
12/14/2021,333.220001,334.640015,324.109985,328.339996,328.339996,44438700
12/15/2021,328.609985,335.190002,324.5,334.649994,334.649994,35381100
12/16/2021,335.709991,336.76001,323.019989,324.899994,324.899994,35034800
12/17/2021,320.880005,324.920013,317.25,323.799988,323.799988,47750300
12/20/2021,320.049988,322.799988,317.570007,319.910004,319.910004,28326500
12/21/2021,323.290009,327.730011,319.799988,327.290009,327.290009,24740600
12/22/2021,328.299988,333.609985,325.75,333.200012,333.200012,24831500
12/23/2021,332.75,336.390015,332.730011,334.690002,334.690002,19617800
12/27/2021,335.459991,342.480011,335.429993,342.450012,342.450012,19947000
12/28/2021,343.149994,343.809998,340.320007,341.25,341.25,15661500
12/29/2021,341.299988,344.299988,339.679993,341.950012,341.950012,15042000
12/30/2021,341.910004,343.130005,338.820007,339.320007,339.320007,15994500
